<CATALOG>
<CD>
<NAME>Tony Khoury</NAME>
<MOBILE>03451023</MOBILE>
<HOME>01556687</HOME>
<PROFESSION>Engineer</PROFESSION>
</CD>
<CD>
<NAME>Ahmad Hajj</NAME>
<MOBILE>76474332</MOBILE>
<HOME>01223499</HOME>
<PROFESSION>Doctor</PROFESSION>
</CD>
<CD>
<NAME>Hassan Allouche</NAME>
<MOBILE>76548003</MOBILE>
<HOME>04544619</HOME>
<PROFESSION>Accountatn</PROFESSION>
</CD>
<CD>
<NAME>Loulwa Ezzedine</NAME>
<MOBILE>03598766</MOBILE>
<HOME>01288874</HOME>
<PROFESSION>Marketing Manager</PROFESSION>
</CD>
</CATALOG>